Filename,present,missing
VirusShare_2261abb63fccfd96ea799c6b5bdf6415,0,14
VirusShare_2fd594bc4a2e4dde5a4eabd6ea9b72d1,1,1
VirusShare_20b5f0a5fa64dc2619ada3ecbd6d3b4a,0,13
VirusShare_09d0014dae5083337e0322a2d1d62888,1,1
VirusShare_2ab2a336dc2c72cfae7eb01e8610500d,0,1
VirusShare_426fdb102a8e09c062e64d946da1adb9,1,1
VirusShare_3eb09233e645cdeaff8b566eb6cad3bc,1,1
VirusShare_35d2749335c13f820883b38683ce2af3,1,1
VirusShare_056afe1a414ba3a731d8720ff0d07954,1,1
VirusShare_2c888ffe2b879068d6bec199d8711a12,1,1
VirusShare_3730f3fbb4ad41ca7688dfd342dd7956,1,1
VirusShare_2501947d8970dc528b39fa27b00dab65,1,1
VirusShare_304ca2b75486161f510b50d5aa856f70,1,1
VirusShare_3b21d473f281b555cbe320ff9249686a,1,1
VirusShare_404a8e0c21276e6870e57cd6ebb5e904,18,1
VirusShare_1b30f1a1b0ccc749717eb2d29090aded,1,1
VirusShare_324e26088e1ecbbee3214e1e544f6140,1,1
VirusShare_4922efcbb2e3ba85f575e37d2d808d2d,0,36
VirusShare_285f3e1b7f657fdd05d43819e1d7ddc9,1,1
VirusShare_1a56e82fbdb251b19f5fdec22cdb96e6,1,1
VirusShare_2dcb8ab094f3b9407b1c505f7324cd7e,7,3
VirusShare_2aa6fb6fea5a3e09cd6ab7055407d8c8,1,1
VirusShare_30abf5cf3b76cb6dbee9fcd21f5ae72f,1,1
VirusShare_489a1e03fb5d6eecd4953ffd24786fee,1,1
VirusShare_35ebc841d282f813facdf991dea59204,1,1
VirusShare_22274369bc4fb9db6cfbdfef2e75c928,0,2
VirusShare_3252a4603547b08d2539160a306c1513,1,1
VirusShare_00f8bfd47a12344cd7483f86efd273f3,1,1
VirusShare_0ff9698cf76a8d54205c71943ff05894,1,1
VirusShare_1359f9ccab70b6349eef26f1ef87c639,1,1
VirusShare_384b2d447d0e792e0217dbc83d4603a1,3,9
VirusShare_380ebe01e54dac626cd3b962f3e8a27b,1,1
VirusShare_2b6012fdcd4414c64084a27b9bff4b24,0,2
VirusShare_0e70b36269e39d29e630890c17509ac7,7,3
VirusShare_01da30c34a66a4d458062a7ce5282fe4,1,1
VirusShare_23ce24a833d3ee8c44367e75c67d9552,7,3
VirusShare_39db7f6c4a42699aa504c6fe6256d6e6,1,1
VirusShare_3d8d3dbeef474679928b2824b98f8420,1,1
VirusShare_43cf14a6c0b5c4fa8b545c97175eb8b4,1,1
VirusShare_3e586a685f76bea7cafffe0c8dfb8228,3,9
VirusShare_2f7bf78b248981b11ddee65fa90d4c01,1,1
VirusShare_2bc993e44614251a08e1fc48009b154e,1,1
VirusShare_4596ac8ee30e377a4e0a66877e687e74,1,1
VirusShare_1dd92a1ef71fb3d6d8757ccee24ee7e8,1,1
VirusShare_1c0dfa54d9b0f87e0e3f18cd41469239,1,1
VirusShare_18d0291b4b8f349eb32198f3b41159ee,1,1
VirusShare_032de9e9ee32b91053b8195422fb2133,1,1
VirusShare_097245eb843d99cc0878aaa8c713564e,1,1
VirusShare_2d2d8789a0d63a68aaddbf4611e6b9b1,0,96
VirusShare_2cb7536843951235967c82ad0d92284f,1,1
VirusShare_426806659d0400604255045373294e5e,0,13
VirusShare_11a9f798227be8a53b06d7e8943f8d68,0,1
VirusShare_31c883e8a8d2c092764588a0d6c0331e,0,2
VirusShare_3e205794b93c2ee83a05f137b41bfdcf,0,1
VirusShare_0696dc62a3a88c6ce7c26590e435a217,1,1
VirusShare_1b5ca2c2f2314439575aa7bba6c6852f,1,1
VirusShare_00539474013d7a1d2d862df860cf85f3,1,1
VirusShare_079af79d6abe6f8c6cd4f13ebf9ab175,1,1
VirusShare_3a83ed9b56a4e6abd59a1b7306da751d,0,18
VirusShare_18f280bd14d3c8944ff2f44ee4df0a01,1,1
VirusShare_0140d976e311ef203136931d42beae65,0,11
VirusShare_039b332ea7ea2fac737c0c72f99b70d0,1,1
VirusShare_3e1aa6f5e2189300c80157697c4f4bcb,1,1
VirusShare_1ad568be832952052882a49aa2fbb651,2,1
VirusShare_48dd85a41ef669b80b18ca57b7f178ab,1,1
VirusShare_1cec29358f91c944d06d489d8a604d6e,2,1
VirusShare_24de1fd143933b9a3e7f9d43609c9b53,0,12
VirusShare_2e9b21a4ee08ba3b1bc2facd475e6f5a,1,1
VirusShare_43a25f831a224582a29663d322ebff97,0,1
VirusShare_3be0d743640234b6a3af38136374ce3e,0,1
VirusShare_407991dd3f6ad8575daad885a24572a6,10,1
VirusShare_45fbbfb5d8b8d59c62b70776243da135,2,1
VirusShare_3bc69d3a9bd494d19911c279483fd626,12,3
VirusShare_317c1397864e033a720d48cb7b030474,0,80
VirusShare_17788f24b68a0f44158ea0f76b4c2064,1,1
VirusShare_067787034bdf6cd9df3cb56f9c447a3a,1,1
VirusShare_3ddf0b014a13b0d394d94392d90586ba,3,1
VirusShare_3fbdb8b444090d4e1e1cb145f253f303,2,1
VirusShare_22dc1db1a876721727cca37c21d31655,3,1
VirusShare_240bb367c4ccf9af99fc370729f5854e,1,1
VirusShare_096496d0bd7771e88793498059ec9343,0,11
VirusShare_49d6f506b0849bcafb1fafae98834876,0,296
VirusShare_2a24bde255b6e5f37b89a3ca85d1634c,3,9
VirusShare_2746e787a08fb2267627701700aabfce,1,1
VirusShare_433cd3c6bc848ad867f25e341b922e58,10,1
VirusShare_0f158a2bad3c784a5d74288dfd26c282,2,1
VirusShare_0859c1ba795e07088eeef2b78adc5540,1,1
VirusShare_3c06064697c69a94e95453129cefb495,1,1
VirusShare_3db2288bb69468cde497a2a81e7a498e,3,1
VirusShare_3844e177a645b1d458655011e9d2a749,1,1
VirusShare_481927e8aaa662b839b71bd716469078,2,1
VirusShare_45106124496d4492197bbb16c18652c6,0,12
VirusShare_31e4bcf6fe68ef0bda487c459ebbf779,2,1
VirusShare_02988e3f8be6b8be04861d6c5f19a8bf,0,12
VirusShare_28684b9e759c98aebf717836276815a3,12,2
VirusShare_258639ef6c482321ac369ee8670b2a8d,1,1
VirusShare_3710366fd5db69182701becc91961810,1,1
VirusShare_13f4fd88a19fb5551fe6ff9384121a88,3,1
VirusShare_0a1a8ca1ce27a04bf9618fe0f6bc94e6,0,13
VirusShare_140f8270bb8cb2948c8e89fc488a1a37,2,1
VirusShare_0d58b9aa93ac7ecce30ed1fed31234c3,2,1
VirusShare_2dc44327f4722fa766b88b20764ae37e,1,1
VirusShare_2dcbf4042eff6846b5d4237a03794b00,19,4
VirusShare_11524068204daa5b606343e8c0899626,1,1
VirusShare_305145b1299e16f318364b6187455017,2,1
VirusShare_01b32f0054bac96cdae0661b54fd34fd,1,1
VirusShare_2543921705f1bb91cd94e497cbc9ba4b,0,1
VirusShare_268685a9100bdbf424219d897748ce6f,2,1
VirusShare_296f4377e8a233141c1d18fb179ed4e7,3,1
VirusShare_2ea8733850f75673915b34903fbe0e50,1,1
VirusShare_27af2bd5972c9a22b850df7cac447b26,3,1
VirusShare_0ba3230d73f54d84debb4add1010d140,1,1
VirusShare_1137c302970d6480e0e72a118735b12b,1,1
VirusShare_18d3f14e1fe9f1f5d587ec0a91d75846,15,2
VirusShare_39e72de264990220de6b2457054fe5fb,0,1
VirusShare_301143f654b8399e6573ea53ef144ee3,1,1
VirusShare_2ca4ce5fc54288524938224ef52d1445,0,1
VirusShare_4817b19f213d473ab15026040f32ea67,1,1
VirusShare_24327c58e1c5f0465fef1ce3409812e4,2,1
VirusShare_2034fb96bcbb3af2560cacec9fb3add0,8,3
VirusShare_217c3364957cacdb16141e62930073c5,0,170
VirusShare_41cd580168f0199418cb22cf8ded0444,1,1
VirusShare_4781b25aaf127e7d702b7604983d6268,0,26
VirusShare_4361d9cf70972f90811c520a0977f5d6,2,1
